{
  "preset": "comp_fedavg_alpha0.2_adv0_dp0_pers0_mu0.0_seed42_datasetcic",
  "status": "completed",
  "start_time": 1763761550.340541,
  "end_time": 1763761580.830859,
  "error": null,
  "duration_sec": 30.489989042282104,
  "retry_count": 0,
  "worker_id": 2
}