{
  "preset": "comp_fedavg_alphainf_adv0_dp0_pers0_mu0.0_seed45",
  "status": "completed",
  "start_time": 1763759125.218843,
  "end_time": 1763759173.07768,
  "error": null,
  "duration_sec": 47.858582973480225,
  "retry_count": 0,
  "worker_id": 2
}