{
  "preset": "comp_krum_alpha1.0_adv0_dp0_pers0_mu0.0_seed43",
  "status": "completed",
  "start_time": 1763758219.975494,
  "end_time": 1763758305.152928,
  "error": null,
  "duration_sec": 85.17704796791077,
  "retry_count": 0,
  "worker_id": 0
}