{
  "preset": "comp_bulyan_alpha1.0_adv0_dp0_pers0_mu0.0_seed46_datasetcic",
  "status": "completed",
  "start_time": 1763761409.813157,
  "end_time": 1763761423.017466,
  "error": null,
  "duration_sec": 13.204062223434448,
  "retry_count": 0,
  "worker_id": 1
}