{
  "preset": "dsedge-iiotset-nightly_comp_krum_alpha1.0_adv0_dp0_pers0_mu0.0_seed42",
  "status": "completed",
  "start_time": 1763848443.5755541,
  "end_time": 1763848755.731253,
  "error": null,
  "duration_sec": 312.15484833717346,
  "retry_count": 0,
  "worker_id": 1
}