{
  "preset": "comp_median_alpha0.5_adv0_dp0_pers0_seed42",
  "status": "completed",
  "start_time": 1760933395.432817,
  "end_time": 1760933430.6692328,
  "error": null,
  "duration_sec": 35.23612594604492,
  "retry_count": 0,
  "worker_id": 0
}