{
  "preset": "comp_krum_alpha1.0_adv0_dp0_pers0_mu0.0_seed46",
  "status": "completed",
  "start_time": 1763758219.982481,
  "end_time": 1763758303.590508,
  "error": null,
  "duration_sec": 83.60775089263916,
  "retry_count": 0,
  "worker_id": 3
}