{
  "preset": "comp_krum_alpha0.5_adv10_dp0_pers0_mu0.0_seed43_datasetcic",
  "status": "completed",
  "start_time": 1763761828.9163818,
  "end_time": 1763761846.3338602,
  "error": null,
  "duration_sec": 17.417256116867065,
  "retry_count": 0,
  "worker_id": 0
}