{
  "preset": "comp_fedavg_alpha0.5_adv0_dp1_dpnoise0.1_pers0_mu0.0_seed43",
  "status": "completed",
  "start_time": 1763763514.7550368,
  "end_time": 1763763567.6090539,
  "error": null,
  "duration_sec": 52.85371208190918,
  "retry_count": 0,
  "worker_id": 1
}