{
  "preset": "dsedge-iiotset-nightly_comp_fedavg_alpha1.0_adv0_dp0_pers0_mu0.0_seed43",
  "status": "completed",
  "start_time": 1763847791.9488142,
  "end_time": 1763848048.147926,
  "error": null,
  "duration_sec": 256.19889998435974,
  "retry_count": 0,
  "worker_id": 1
}