{
  "preset": "comp_bulyan_alpha0.5_adv30_dp0_pers0_mu0.0_seed42_datasetcic",
  "status": "completed",
  "start_time": 1763762091.353246,
  "end_time": 1763762128.1258729,
  "error": null,
  "duration_sec": 36.7722601890564,
  "retry_count": 0,
  "worker_id": 3
}