{
  "preset": "comp_median_alpha0.5_adv30_dp0_pers0_mu0.0_seed46_datasetcic",
  "status": "completed",
  "start_time": 1763762280.619305,
  "end_time": 1763762298.418368,
  "error": null,
  "duration_sec": 17.79876399040222,
  "retry_count": 0,
  "worker_id": 2
}