{
  "preset": "comp_fedavg_alphainf_adv0_dp0_pers0_mu0.0_seed46",
  "status": "completed",
  "start_time": 1763759144.674858,
  "end_time": 1763759194.294016,
  "error": null,
  "duration_sec": 49.61889600753784,
  "retry_count": 0,
  "worker_id": 3
}