{
  "preset": "comp_bulyan_alpha0.5_adv0_dp0_pers0_mu0.0_seed44",
  "status": "completed",
  "start_time": 1763759892.76434,
  "end_time": 1763759980.968767,
  "error": null,
  "duration_sec": 88.20406413078308,
  "retry_count": 0,
  "worker_id": 0
}