{
  "preset": "comp_bulyan_alpha0.5_adv10_dp0_pers0_mu0.0_seed42_datasetcic",
  "status": "completed",
  "start_time": 1763762034.4064488,
  "end_time": 1763762078.6972249,
  "error": null,
  "duration_sec": 44.29041385650635,
  "retry_count": 0,
  "worker_id": 2
}