{
  "preset": "comp_fedavg_alpha0.5_adv0_dp1_dpnoise0.5_pers0_mu0.0_seed42_datasetcic",
  "status": "completed",
  "start_time": 1763764284.147043,
  "end_time": 1763764311.3000162,
  "error": null,
  "duration_sec": 27.152518272399902,
  "retry_count": 0,
  "worker_id": 2
}