{
  "preset": "comp_fedavg_alpha0.5_adv0_dp1_dpnoise1.5_pers0_mu0.0_seed46_datasetcic",
  "status": "completed",
  "start_time": 1763764419.696251,
  "end_time": 1763764439.689323,
  "error": null,
  "duration_sec": 19.991530895233154,
  "retry_count": 0,
  "worker_id": 1
}