{
  "preset": "comp_fedavg_alpha0.5_adv10_dp0_pers0_seed44",
  "status": "completed",
  "start_time": 1760927309.057342,
  "end_time": 1760927389.356183,
  "error": null,
  "duration_sec": 80.29849290847778,
  "retry_count": 0,
  "worker_id": 2
}