{
  "preset": "comp_fedavg_alpha0.1_adv0_dp0_pers0_mu0.0_seed44_datasetcic",
  "status": "completed",
  "start_time": 1763761524.6451352,
  "end_time": 1763761552.162283,
  "error": null,
  "duration_sec": 27.51667094230652,
  "retry_count": 0,
  "worker_id": 3
}