{
  "preset": "comp_fedavg_alpha0.5_adv0_dp0_pers5_mu0.0_seed43",
  "status": "completed",
  "start_time": 1763760955.3813279,
  "end_time": 1763761142.461925,
  "error": null,
  "duration_sec": 187.08027625083923,
  "retry_count": 0,
  "worker_id": 3
}