{
  "preset": "comp_fedavg_alpha1.0_adv0_dp0_pers0_mu0.0_seed42",
  "status": "completed",
  "start_time": 1763758120.7206001,
  "end_time": 1763758127.6300821,
  "error": null,
  "duration_sec": 6.909056901931763,
  "retry_count": 0,
  "worker_id": 0
}