{
  "preset": "comp_fedavg_alpha0.5_adv0_dp0_pers0_mu0.0_seed42",
  "status": "completed",
  "start_time": 1763758896.629171,
  "end_time": 1763758957.6651268,
  "error": null,
  "duration_sec": 61.0357129573822,
  "retry_count": 0,
  "worker_id": 2
}