{
  "macro_f1_argmax": {
    "mean": 0.9976668093151806,
    "min": 0.944265595987364,
    "max": 1.0,
    "cv": 0.007664577510171583
  },
  "benign_fpr_argmax": {
    "mean": 0.005289463664745079,
    "min": 0.0,
    "max": 0.1458333333333333,
    "cv": 3.664416149950767
  },
  "f1_bin_tau": {
    "mean": 0.8668267401387808,
    "min": 0.2758620689655172,
    "max": 0.9994450610432852,
    "cv": 0.2896299099336873
  },
  "benign_fpr_bin_tau": {
    "mean": 0.09671612794860715,
    "min": 0.0416666666666666,
    "max": 0.1875,
    "cv": 0.2708858816245902
  },
  "privacy": {},
  "macro_f1_argmax_last_round": {
    "mean": 0.9999087933252669,
    "min": 0.9996764352080256,
    "max": 1.0,
    "cv": 0.00013218167530935256
  },
  "fpr_after": {
    "mean": 0.09671612794860715,
    "frac_le_0_10": 0.5416666666666666
  },
  "low_fpr_point": {
    "tau_mean": 2.4437904357910156e-05,
    "tau_min": 2.09808349609375e-05,
    "tau_max": 2.9325485229492188e-05,
    "fpr_mean": 0.10442255859286971,
    "fpr_min": 0.0797448165869218,
    "fpr_max": 0.1240310077519379,
    "f1_mean": 0.867479872525602,
    "f1_min": 0.3027888446215139,
    "f1_max": 0.9986138064873856
  },
  "confusion_matrix": {
    "class_names": [
      "0",
      "1"
    ],
    "global": {
      "counts": [
        [
          7399.0,
          2.0
        ],
        [
          0.0,
          9068.0
        ]
      ],
      "normalized": [
        [
          0.9997297662478043,
          0.00027023375219564923
        ],
        [
          0.0,
          1.0
        ]
      ]
    },
    "per_client": {
      "2": {
        "counts": [
          [
            254.0,
            0.0
          ],
          [
            0.0,
            1227.0
          ]
        ],
        "normalized": [
          [
            1.0,
            0.0
          ],
          [
            0.0,
            1.0
          ]
        ],
        "class_names": [
          "0",
          "1"
        ]
      },
      "3": {
        "counts": [
          [
            3527.0,
            0.0
          ],
          [
            0.0,
            76.0
          ]
        ],
        "normalized": [
          [
            1.0,
            0.0
          ],
          [
            0.0,
            1.0
          ]
        ],
        "class_names": [
          "0",
          "1"
        ]
      },
      "1": {
        "counts": [
          [
            48.0,
            0.0
          ],
          [
            0.0,
            1801.0
          ]
        ],
        "normalized": [
          [
            1.0,
            0.0
          ],
          [
            0.0,
            1.0
          ]
        ],
        "class_names": [
          "0",
          "1"
        ]
      },
      "0": {
        "counts": [
          [
            1561.0,
            1.0
          ],
          [
            0.0,
            3932.0
          ]
        ],
        "normalized": [
          [
            0.9993597951344431,
            0.0006402048655569782
          ],
          [
            0.0,
            1.0
          ]
        ],
        "class_names": [
          "0",
          "1"
        ]
      },
      "4": {
        "counts": [
          [
            1880.0,
            1.0
          ],
          [
            0.0,
            1311.0
          ]
        ],
        "normalized": [
          [
            0.9994683678894205,
            0.000531632110579479
          ],
          [
            0.0,
            1.0
          ]
        ],
        "class_names": [
          "0",
          "1"
        ]
      },
      "5": {
        "counts": [
          [
            129.0,
            0.0
          ],
          [
            0.0,
            721.0
          ]
        ],
        "normalized": [
          [
            1.0,
            0.0
          ],
          [
            0.0,
            1.0
          ]
        ],
        "class_names": [
          "0",
          "1"
        ]
      }
    }
  },
  "worst_client_macro_f1_argmax": 0.9996764352080256,
  "best_client_macro_f1_argmax": 1.0,
  "cv_macro_f1_argmax": 0.00013218167530935256,
  "fraction_clients_fpr_le_0_10": 1.0
}