{
  "preset": "comp_median_alpha0.5_adv30_dp0_pers0_seed42",
  "status": "completed",
  "start_time": 1760960102.987612,
  "end_time": 1760960140.439847,
  "error": null,
  "duration_sec": 37.45199775695801,
  "retry_count": 0,
  "worker_id": 0
}