{
  "preset": "comp_median_alpha0.5_adv0_dp0_pers0_mu0.0_seed46",
  "status": "completed",
  "start_time": 1763760364.739027,
  "end_time": 1763760500.605567,
  "error": null,
  "duration_sec": 135.86569499969482,
  "retry_count": 0,
  "worker_id": 1
}