{
  "preset": "comp_bulyan_alpha0.5_adv0_dp0_pers0_mu0.0_seed46_datasetcic",
  "status": "completed",
  "start_time": 1763762018.32263,
  "end_time": 1763762061.834537,
  "error": null,
  "duration_sec": 43.5116229057312,
  "retry_count": 0,
  "worker_id": 3
}