{
  "preset": "comp_bulyan_alpha0.5_adv10_dp0_pers0_mu0.0_seed44",
  "status": "completed",
  "start_time": 1763760020.323949,
  "end_time": 1763760122.12901,
  "error": null,
  "duration_sec": 101.80470418930054,
  "retry_count": 0,
  "worker_id": 1
}