{
  "preset": "comp_krum_alpha0.5_adv30_dp0_pers0_seed43",
  "status": "completed",
  "start_time": 1760927579.821474,
  "end_time": 1760927613.622601,
  "error": null,
  "duration_sec": 33.80086302757263,
  "retry_count": 0,
  "worker_id": 1
}