{
  "preset": "comp_bulyan_alpha0.5_adv0_dp0_pers0_seed42",
  "status": "completed",
  "start_time": 1760927664.79267,
  "end_time": 1760927716.499899,
  "error": null,
  "duration_sec": 51.706950187683105,
  "retry_count": 0,
  "worker_id": 0
}