{
  "preset": "comp_bulyan_alpha0.5_adv30_dp0_pers0_mu0.0_seed46_datasetcic",
  "status": "completed",
  "start_time": 1763762143.96705,
  "end_time": 1763762172.7062569,
  "error": null,
  "duration_sec": 28.726192235946655,
  "retry_count": 0,
  "worker_id": 1
}