aggregation,adversary_fraction,macro_f1_mean,ci_lower,ci_upper,n,degradation_pct
fedavg,0.0,0.79,0.535875905271358,1.0,2,0.0
fedavg,0.1,1.0,1.0,1.0,3,0.0
fedavg,0.3,0.6750632962392915,0.14492376252777772,1.0,4,14.548949843127662
krum,0.0,0.9688898158803003,0.9427409781098077,0.9950386536507929,5,0.0
krum,0.1,0.9688898158803003,0.9427409781098077,0.9950386536507929,5,0.0
krum,0.3,0.7574571575136253,0.40447361904541324,1.0,3,21.822157163926274
median,0.0,0.9991025932099861,0.9971558450423259,1.0,3,0.0
median,0.1,0.9992766036673382,0.9900849817589521,1.0,2,0.0
median,0.3,0.9386627424730292,0.16365060635956352,1.0,2,6.049413858768153
