{
  "preset": "comp_fedavg_alpha0.5_adv0_dp1_dpnoise1.0_pers0_mu0.0_seed45_datasetcic",
  "status": "completed",
  "start_time": 1763764370.409218,
  "end_time": 1763764399.198251,
  "error": null,
  "duration_sec": 28.788554906845093,
  "retry_count": 0,
  "worker_id": 3
}