{
  "preset": "comp_fedavg_alpha0.1_adv0_dp0_pers0_seed44",
  "status": "completed",
  "start_time": 1760927216.1075358,
  "end_time": 1760927299.2616,
  "error": null,
  "duration_sec": 83.15383195877075,
  "retry_count": 0,
  "worker_id": 2
}