{
  "preset": "comp_fedavg_alpha1.0_adv0_dp0_pers0_mu0.0_seed44_datasetcic",
  "status": "completed",
  "start_time": 1763761346.0534348,
  "end_time": 1763761427.101242,
  "error": null,
  "duration_sec": 81.04723715782166,
  "retry_count": 0,
  "worker_id": 2
}