{
  "preset": "comp_median_alpha0.5_adv30_dp0_pers0_mu0.0_seed45",
  "status": "completed",
  "start_time": 1763760574.793825,
  "end_time": 1763760643.502474,
  "error": null,
  "duration_sec": 68.70831274986267,
  "retry_count": 0,
  "worker_id": 2
}