{
  "preset": "comp_median_alpha0.5_adv30_dp0_pers0_mu0.0_seed42_datasetcic",
  "status": "completed",
  "start_time": 1763762240.365102,
  "end_time": 1763762260.14378,
  "error": null,
  "duration_sec": 19.77843403816223,
  "retry_count": 0,
  "worker_id": 2
}