{
  "preset": "comp_fedavg_alpha0.02_adv0_dp0_pers0_mu0.0_seed43",
  "status": "completed",
  "start_time": 1763758492.391041,
  "end_time": 1763758555.674675,
  "error": null,
  "duration_sec": 63.28340792655945,
  "retry_count": 0,
  "worker_id": 3
}