{
  "preset": "comp_fedavg_alpha0.5_adv30_dp0_pers0_mu0.0_seed42",
  "status": "completed",
  "start_time": 1763759284.36766,
  "end_time": 1763759343.541124,
  "error": null,
  "duration_sec": 59.173147201538086,
  "retry_count": 0,
  "worker_id": 2
}