{
  "preset": "comp_fedavg_alpha0.5_adv0_dp1_dpnoise0.7_pers0_mu0.0_seed46",
  "status": "completed",
  "start_time": 1763763887.86754,
  "end_time": 1763763976.682531,
  "error": null,
  "duration_sec": 88.8147599697113,
  "retry_count": 0,
  "worker_id": 3
}