{
  "preset": "comp_fedavg_alpha0.5_adv0_dp1_dpnoise0.1_pers0_mu0.0_seed44_datasetcic",
  "status": "completed",
  "start_time": 1763764191.6908019,
  "end_time": 1763764219.235853,
  "error": null,
  "duration_sec": 27.544570207595825,
  "retry_count": 0,
  "worker_id": 2
}