{
  "preset": "comp_krum_alpha1.0_adv0_dp0_pers0_mu0.0_seed44_datasetcic",
  "status": "completed",
  "start_time": 1763761385.102495,
  "end_time": 1763761408.286892,
  "error": null,
  "duration_sec": 23.184099674224854,
  "retry_count": 0,
  "worker_id": 3
}