{
  "preset": "comp_krum_alpha0.5_adv10_dp0_pers0_seed43",
  "status": "completed",
  "start_time": 1760927513.652004,
  "end_time": 1760927561.043085,
  "error": null,
  "duration_sec": 47.39080309867859,
  "retry_count": 0,
  "worker_id": 1
}