{
  "preset": "comp_bulyan_alpha0.5_adv10_dp0_pers0_mu0.0_seed45",
  "status": "completed",
  "start_time": 1763760020.870013,
  "end_time": 1763760143.099467,
  "error": null,
  "duration_sec": 122.22763895988464,
  "retry_count": 0,
  "worker_id": 2
}