{
  "preset": "comp_median_alpha0.5_adv10_dp0_pers0_seed42",
  "status": "completed",
  "start_time": 1760960069.761302,
  "end_time": 1760960102.9870028,
  "error": null,
  "duration_sec": 33.225393295288086,
  "retry_count": 0,
  "worker_id": 2
}