{
  "preset": "comp_fedavg_alpha0.5_adv0_dp0_pers3_mu0.0_seed43_datasetcic",
  "status": "completed",
  "start_time": 1763762434.8665369,
  "end_time": 1763762457.5436742,
  "error": null,
  "duration_sec": 22.676880359649658,
  "retry_count": 0,
  "worker_id": 1
}