{
  "preset": "comp_krum_alpha0.5_adv0_dp0_pers0_mu0.0_seed44_datasetcic",
  "status": "completed",
  "start_time": 1763761779.3974981,
  "end_time": 1763761802.392054,
  "error": null,
  "duration_sec": 22.99431872367859,
  "retry_count": 0,
  "worker_id": 2
}