{
  "preset": "comp_median_alpha1.0_adv0_dp0_pers0_mu0.0_seed42_datasetcic",
  "status": "completed",
  "start_time": 1763761423.0181131,
  "end_time": 1763761436.111866,
  "error": null,
  "duration_sec": 13.093498229980469,
  "retry_count": 0,
  "worker_id": 2
}