{
  "preset": "comp_bulyan_alpha0.5_adv10_dp0_pers0_seed44",
  "status": "completed",
  "start_time": 1760927781.850775,
  "end_time": 1760927823.09056,
  "error": null,
  "duration_sec": 41.2395658493042,
  "retry_count": 0,
  "worker_id": 2
}