{
  "preset": "comp_fedavg_alpha0.5_adv0_dp1_dpnoise1.0_pers0_mu0.0_seed44",
  "status": "completed",
  "start_time": 1763763965.480319,
  "end_time": 1763764045.8047202,
  "error": null,
  "duration_sec": 80.3241798877716,
  "retry_count": 0,
  "worker_id": 2
}