{
  "preset": "comp_krum_alpha1.0_adv0_dp0_pers0_seed43",
  "status": "completed",
  "start_time": 1760926929.873413,
  "end_time": 1760926974.138856,
  "error": null,
  "duration_sec": 44.2486891746521,
  "retry_count": 0,
  "worker_id": 1
}