{
  "preset": "comp_krum_alpha0.5_adv10_dp0_pers0_mu0.0_seed46",
  "status": "completed",
  "start_time": 1763759684.3254058,
  "end_time": 1763759756.6708071,
  "error": null,
  "duration_sec": 72.34512376785278,
  "retry_count": 0,
  "worker_id": 0
}