{
  "preset": "comp_krum_alpha1.0_adv0_dp0_pers0_mu0.0_seed42_datasetcic",
  "status": "completed",
  "start_time": 1763761366.6770601,
  "end_time": 1763761385.373848,
  "error": null,
  "duration_sec": 18.696524143218994,
  "retry_count": 0,
  "worker_id": 1
}