{
  "preset": "comp_fedavg_alphainf_adv0_dp0_pers0_mu0.0_seed45_datasetcic",
  "status": "completed",
  "start_time": 1763761624.28855,
  "end_time": 1763761651.0188422,
  "error": null,
  "duration_sec": 26.730008125305176,
  "retry_count": 0,
  "worker_id": 1
}