{
  "preset": "comp_fedavg_alpha0.05_adv0_dp0_pers0_mu0.0_seed42_datasetcic",
  "status": "completed",
  "start_time": 1763761489.5006862,
  "end_time": 1763761506.036934,
  "error": null,
  "duration_sec": 16.53597092628479,
  "retry_count": 0,
  "worker_id": 1
}