{
  "preset": "comp_fedavg_alpha1.0_adv0_dp0_pers0_mu0.0_seed46",
  "status": "completed",
  "start_time": 1763758165.805384,
  "end_time": 1763758203.435219,
  "error": null,
  "duration_sec": 37.62954783439636,
  "retry_count": 0,
  "worker_id": 0
}