{
  "preset": "comp_fedavg_alpha0.02_adv0_dp0_pers0_mu0.0_seed42",
  "status": "completed",
  "start_time": 1763758492.363075,
  "end_time": 1763758555.717837,
  "error": null,
  "duration_sec": 63.35440111160278,
  "retry_count": 0,
  "worker_id": 2
}