{
  "preset": "comp_fedavg_alpha0.5_adv0_dp1_dpnoise0.5_pers0_mu0.0_seed46",
  "status": "completed",
  "start_time": 1763763799.20731,
  "end_time": 1763763897.3893492,
  "error": null,
  "duration_sec": 98.18179202079773,
  "retry_count": 0,
  "worker_id": 2
}