{
  "preset": "comp_krum_alpha0.5_adv0_dp0_pers0_mu0.0_seed46",
  "status": "completed",
  "start_time": 1763759529.9264529,
  "end_time": 1763759595.9542441,
  "error": null,
  "duration_sec": 66.02739715576172,
  "retry_count": 0,
  "worker_id": 3
}