{
  "preset": "comp_fedavg_alpha0.2_adv0_dp0_pers0_mu0.0_seed45",
  "status": "completed",
  "start_time": 1763758837.987606,
  "end_time": 1763758924.7700858,
  "error": null,
  "duration_sec": 86.7821991443634,
  "retry_count": 0,
  "worker_id": 0
}