{
  "preset": "dsedge-iiotset-nightly_comp_median_alpha1.0_adv0_dp0_pers0_mu0.0_seed46",
  "status": "completed",
  "start_time": 1763850637.0870001,
  "end_time": 1763850820.468693,
  "error": null,
  "duration_sec": 183.38141298294067,
  "retry_count": 0,
  "worker_id": 1
}