{
  "preset": "comp_fedavg_alpha0.5_adv30_dp0_pers0_mu0.0_seed43",
  "status": "completed",
  "start_time": 1763759315.367661,
  "end_time": 1763759437.650704,
  "error": null,
  "duration_sec": 122.28261804580688,
  "retry_count": 0,
  "worker_id": 3
}