{
  "preset": "dsedge-iiotset-full_comp_bulyan_alpha1.0_adv0_dp0_pers0_mu0.0_seed42",
  "status": "completed",
  "start_time": 1763506504.729982,
  "end_time": 1763507335.3525739,
  "error": null,
  "duration_sec": 830.6220290660858,
  "retry_count": 0,
  "worker_id": 0
}