{
  "preset": "comp_median_alpha0.5_adv0_dp0_pers0_seed44",
  "status": "completed",
  "start_time": 1760933461.6937978,
  "end_time": 1760933501.599335,
  "error": null,
  "duration_sec": 39.905298948287964,
  "retry_count": 0,
  "worker_id": 2
}