{
  "preset": "comp_fedavg_alpha0.5_adv0_dp0_pers0_mu0.0_seed43_datasetcic",
  "status": "completed",
  "start_time": 1763761584.1426098,
  "end_time": 1763761609.777972,
  "error": null,
  "duration_sec": 25.634501695632935,
  "retry_count": 0,
  "worker_id": 0
}