{
  "preset": "comp_fedavg_alpha0.5_adv30_dp0_pers0_seed42",
  "status": "completed",
  "start_time": 1760927350.3967779,
  "end_time": 1760927423.635555,
  "error": null,
  "duration_sec": 73.23717784881592,
  "retry_count": 0,
  "worker_id": 0
}