{
  "preset": "comp_bulyan_alpha0.5_adv0_dp0_pers0_mu0.0_seed43_datasetcic",
  "status": "completed",
  "start_time": 1763761980.929284,
  "end_time": 1763761995.909281,
  "error": null,
  "duration_sec": 14.97977590560913,
  "retry_count": 0,
  "worker_id": 0
}