{
  "preset": "comp_fedavg_alpha0.5_adv0_dp1_pers0_mu0.0_seed42",
  "status": "completed",
  "start_time": 1763760628.751195,
  "end_time": 1763760689.773561,
  "error": null,
  "duration_sec": 61.02212405204773,
  "retry_count": 0,
  "worker_id": 1
}