{
  "preset": "comp_bulyan_alpha1.0_adv0_dp0_pers0_mu0.0_seed43_datasetcic",
  "status": "completed",
  "start_time": 1763761387.300359,
  "end_time": 1763761492.140367,
  "error": null,
  "duration_sec": 104.83957719802856,
  "retry_count": 0,
  "worker_id": 2
}