{
  "preset": "comp_fedavg_alpha1.0_adv0_dp0_pers0_mu0.0_seed43",
  "status": "completed",
  "start_time": 1763758120.721326,
  "end_time": 1763758160.829462,
  "error": null,
  "duration_sec": 40.10791206359863,
  "retry_count": 0,
  "worker_id": 1
}