{
  "preset": "comp_fedavg_alpha0.5_adv0_dp1_dpnoise1.5_pers0_mu0.0_seed43_datasetcic",
  "status": "completed",
  "start_time": 1763764399.199075,
  "end_time": 1763764478.490688,
  "error": null,
  "duration_sec": 79.29110980033875,
  "retry_count": 0,
  "worker_id": 2
}