{
  "preset": "comp_fedavg_alpha1.0_adv0_dp0_pers0_mu0.0_seed45_datasetcic",
  "status": "completed",
  "start_time": 1763761346.053718,
  "end_time": 1763761366.652948,
  "error": null,
  "duration_sec": 20.598751068115234,
  "retry_count": 0,
  "worker_id": 3
}