{
  "preset": "comp_median_alpha1.0_adv0_dp0_pers0_mu0.0_seed44",
  "status": "completed",
  "start_time": 1763758422.33089,
  "end_time": 1763758492.390442,
  "error": null,
  "duration_sec": 70.05893397331238,
  "retry_count": 0,
  "worker_id": 3
}