epsilon,macro_f1_mean,ci_lower,ci_upper,n,dp_noise_multiplier,is_baseline
180.4799780439935,0.6558182696583374,0.6558182696583374,0.6558182696583374,1,0.3,0
936.7782575788605,0.6610272359989344,0.6219056155753924,0.7001488564224765,2,0.1,0
1211.7782575788603,0.6590515859399547,0.6320004451492267,0.6861027267306827,5,0.1,0
4511.77825757886,0.6666522550037868,0.6281845912874794,0.7051199187200942,3,0.05000000000000001,0
,0.6611900730268129,0.6108383916071188,0.7115417544465069,10,,1
