{
  "preset": "comp_bulyan_alpha0.5_adv30_dp0_pers0_mu0.0_seed43_datasetcic",
  "status": "completed",
  "start_time": 1763762097.306774,
  "end_time": 1763762190.4476218,
  "error": null,
  "duration_sec": 93.13742065429688,
  "retry_count": 0,
  "worker_id": 2
}