{
  "preset": "comp_fedavg_alpha0.5_adv0_dp1_dpnoise0.5_pers0_mu0.0_seed44",
  "status": "completed",
  "start_time": 1763763740.748383,
  "end_time": 1763763827.175256,
  "error": null,
  "duration_sec": 86.42174005508423,
  "retry_count": 0,
  "worker_id": 0
}