{
  "preset": "comp_krum_alpha0.5_adv30_dp0_pers0_mu0.0_seed42_datasetcic",
  "status": "completed",
  "start_time": 1763761885.6834471,
  "end_time": 1763761964.334638,
  "error": null,
  "duration_sec": 78.65096187591553,
  "retry_count": 0,
  "worker_id": 2
}