{
  "preset": "comp_bulyan_alpha0.5_adv30_dp0_pers0_mu0.0_seed43",
  "status": "completed",
  "start_time": 1763760134.41887,
  "end_time": 1763760216.5765388,
  "error": null,
  "duration_sec": 82.1574079990387,
  "retry_count": 0,
  "worker_id": 1
}