{
  "preset": "comp_fedavg_alpha0.5_adv0_dp0_pers5_seed43",
  "status": "completed",
  "start_time": 1760939360.943706,
  "end_time": 1760939478.407138,
  "error": null,
  "duration_sec": 117.46320390701294,
  "retry_count": 0,
  "worker_id": 1
}