{
  "preset": "comp_bulyan_alpha0.5_adv10_dp0_pers0_mu0.0_seed43_datasetcic",
  "status": "completed",
  "start_time": 1763762043.6449668,
  "end_time": 1763762143.9577842,
  "error": null,
  "duration_sec": 100.30745100975037,
  "retry_count": 0,
  "worker_id": 1
}