{
  "preset": "comp_fedavg_alpha0.5_adv30_dp0_pers0_mu0.0_seed42_datasetcic",
  "status": "completed",
  "start_time": 1763761680.575735,
  "end_time": 1763761707.9477608,
  "error": null,
  "duration_sec": 27.370971202850342,
  "retry_count": 0,
  "worker_id": 1
}