{
  "preset": "comp_bulyan_alpha1.0_adv0_dp0_pers0_seed44",
  "status": "completed",
  "start_time": 1760927009.658887,
  "end_time": 1760927050.108181,
  "error": null,
  "duration_sec": 40.44904017448425,
  "retry_count": 0,
  "worker_id": 2
}