{
  "preset": "comp_fedavg_alpha0.1_adv0_dp0_pers0_mu0.0_seed43_datasetcic",
  "status": "completed",
  "start_time": 1763761524.6446762,
  "end_time": 1763761550.338835,
  "error": null,
  "duration_sec": 25.69360613822937,
  "retry_count": 0,
  "worker_id": 2
}