{
  "preset": "comp_bulyan_alpha1.0_adv0_dp0_pers0_mu0.0_seed43",
  "status": "completed",
  "start_time": 1763758304.5549161,
  "end_time": 1763758367.65607,
  "error": null,
  "duration_sec": 63.100749015808105,
  "retry_count": 0,
  "worker_id": 1
}