{
  "preset": "comp_krum_alpha1.0_adv0_dp0_pers0_seed44",
  "status": "completed",
  "start_time": 1760926929.8734121,
  "end_time": 1760927036.744112,
  "error": null,
  "duration_sec": 106.85394787788391,
  "retry_count": 0,
  "worker_id": 2
}