{
  "preset": "comp_bulyan_alpha0.5_adv10_dp0_pers0_mu0.0_seed44_datasetcic",
  "status": "completed",
  "start_time": 1763762056.757648,
  "end_time": 1763762091.352579,
  "error": null,
  "duration_sec": 34.593494176864624,
  "retry_count": 0,
  "worker_id": 0
}