{
  "preset": "comp_krum_alpha0.5_adv0_dp0_pers0_mu0.0_seed46_datasetcic",
  "status": "completed",
  "start_time": 1763761802.392792,
  "end_time": 1763761885.682899,
  "error": null,
  "duration_sec": 83.28986811637878,
  "retry_count": 0,
  "worker_id": 0
}