{
  "preset": "comp_krum_alpha0.5_adv10_dp0_pers0_mu0.0_seed45_datasetcic",
  "status": "completed",
  "start_time": 1763761855.603575,
  "end_time": 1763761871.278681,
  "error": null,
  "duration_sec": 15.67487907409668,
  "retry_count": 0,
  "worker_id": 0
}