{
  "preset": "comp_fedavg_alpha0.5_adv0_dp1_dpnoise1.5_pers0_mu0.0_seed42_datasetcic",
  "status": "completed",
  "start_time": 1763764392.3274398,
  "end_time": 1763764412.599415,
  "error": null,
  "duration_sec": 20.27162504196167,
  "retry_count": 0,
  "worker_id": 1
}