{
  "preset": "dsedge-iiotset-full_comp_median_alpha1.0_adv0_dp0_pers0_mu0.0_seed42",
  "status": "completed",
  "start_time": 1763508186.4983418,
  "end_time": 1763509024.509588,
  "error": null,
  "duration_sec": 838.0107138156891,
  "retry_count": 0,
  "worker_id": 0
}