{
  "preset": "comp_fedavg_alpha0.5_adv0_dp1_pers0_mu0.0_seed44",
  "status": "completed",
  "start_time": 1763760685.800843,
  "end_time": 1763760753.105865,
  "error": null,
  "duration_sec": 67.30478501319885,
  "retry_count": 0,
  "worker_id": 3
}