{
  "preset": "comp_krum_alpha0.5_adv10_dp0_pers0_mu0.0_seed44_datasetcic",
  "status": "completed",
  "start_time": 1763761846.334378,
  "end_time": 1763761935.051931,
  "error": null,
  "duration_sec": 88.71734237670898,
  "retry_count": 0,
  "worker_id": 1
}