{
  "preset": "comp_fedavg_alpha0.05_adv0_dp0_pers0_mu0.0_seed46_datasetcic",
  "status": "completed",
  "start_time": 1763761524.6447082,
  "end_time": 1763761613.075613,
  "error": null,
  "duration_sec": 88.4303662776947,
  "retry_count": 0,
  "worker_id": 0
}