{
  "preset": "comp_median_alpha0.5_adv30_dp0_pers0_mu0.0_seed44",
  "status": "completed",
  "start_time": 1763760562.579256,
  "end_time": 1763760628.747745,
  "error": null,
  "duration_sec": 66.16820001602173,
  "retry_count": 0,
  "worker_id": 1
}