epsilon,macro_f1_mean,ci_lower,ci_upper,n,dp_noise_multiplier,is_baseline
1211.7782575788603,0.9974310979447821,0.9965050983621645,0.9983570975273998,5,0.1,0
,0.8085678615329532,0.7353412696433544,0.881794453422552,5,,1
