{
  "preset": "comp_fedavg_alpha0.5_adv0_dp1_dpnoise0.7_pers0_mu0.0_seed43",
  "status": "completed",
  "start_time": 1763763827.175905,
  "end_time": 1763763881.2222028,
  "error": null,
  "duration_sec": 54.04602909088135,
  "retry_count": 0,
  "worker_id": 0
}