{
  "preset": "comp_bulyan_alpha0.5_adv0_dp0_pers0_mu0.0_seed44_datasetcic",
  "status": "completed",
  "start_time": 1763761995.9098399,
  "end_time": 1763762018.32148,
  "error": null,
  "duration_sec": 22.411426067352295,
  "retry_count": 0,
  "worker_id": 1
}