{
  "preset": "comp_median_alpha1.0_adv0_dp0_pers0_mu0.0_seed45_datasetcic",
  "status": "completed",
  "start_time": 1763761439.496246,
  "end_time": 1763761453.243843,
  "error": null,
  "duration_sec": 13.747376203536987,
  "retry_count": 0,
  "worker_id": 2
}