{
  "preset": "comp_fedavg_alpha0.02_adv0_dp0_pers0_mu0.0_seed45",
  "status": "completed",
  "start_time": 1763758498.369747,
  "end_time": 1763758508.645613,
  "error": null,
  "duration_sec": 10.275619268417358,
  "retry_count": 0,
  "worker_id": 1
}