{
  "preset": "comp_fedavg_alpha0.5_adv30_dp0_pers0_mu0.0_seed43_datasetcic",
  "status": "completed",
  "start_time": 1763761687.040409,
  "end_time": 1763761708.720455,
  "error": null,
  "duration_sec": 21.67979598045349,
  "retry_count": 0,
  "worker_id": 2
}