{
  "preset": "comp_fedavg_alphainf_adv0_dp0_pers0_mu0.0_seed43_datasetcic",
  "status": "completed",
  "start_time": 1763761613.076469,
  "end_time": 1763761633.506253,
  "error": null,
  "duration_sec": 20.429418087005615,
  "retry_count": 0,
  "worker_id": 1
}