{
  "preset": "comp_krum_alpha0.5_adv0_dp0_pers0_mu0.0_seed45_datasetcic",
  "status": "completed",
  "start_time": 1763761789.676147,
  "end_time": 1763761812.532057,
  "error": null,
  "duration_sec": 22.855695247650146,
  "retry_count": 0,
  "worker_id": 1
}