{
  "preset": "comp_fedavg_alpha0.5_adv0_dp1_dpnoise0.5_pers0_mu0.0_seed45_datasetcic",
  "status": "completed",
  "start_time": 1763764294.03018,
  "end_time": 1763764325.877262,
  "error": null,
  "duration_sec": 31.846373081207275,
  "retry_count": 0,
  "worker_id": 1
}