{
  "preset": "comp_krum_alpha0.5_adv30_dp0_pers0_seed44",
  "status": "completed",
  "start_time": 1760927613.623162,
  "end_time": 1760927664.791719,
  "error": null,
  "duration_sec": 51.16831088066101,
  "retry_count": 0,
  "worker_id": 2
}