{
  "preset": "comp_bulyan_alpha0.5_adv30_dp0_pers0_mu0.0_seed45",
  "status": "completed",
  "start_time": 1763760162.2348402,
  "end_time": 1763760259.578725,
  "error": null,
  "duration_sec": 97.34351325035095,
  "retry_count": 0,
  "worker_id": 3
}