{
  "preset": "comp_fedavg_alpha0.5_adv0_dp0_pers0_mu0.0_seed44_datasetcic",
  "status": "completed",
  "start_time": 1763761592.1786041,
  "end_time": 1763761618.916084,
  "error": null,
  "duration_sec": 26.737226009368896,
  "retry_count": 0,
  "worker_id": 2
}