{
  "preset": "comp_fedavg_alpha0.5_adv0_dp0_pers3_mu0.0_seed42",
  "status": "completed",
  "start_time": 1763760756.444319,
  "end_time": 1763761011.459085,
  "error": null,
  "duration_sec": 255.0144441127777,
  "retry_count": 0,
  "worker_id": 1
}