{
  "preset": "comp_krum_alpha0.5_adv10_dp0_pers0_seed42",
  "status": "completed",
  "start_time": 1760927471.788762,
  "end_time": 1760927579.8204648,
  "error": null,
  "duration_sec": 108.03139400482178,
  "retry_count": 0,
  "worker_id": 0
}