{
  "preset": "comp_fedavg_alpha1.0_adv0_dp0_pers0_mu0.0_seed42_datasetcic",
  "status": "completed",
  "start_time": 1763761346.053372,
  "end_time": 1763761366.695062,
  "error": null,
  "duration_sec": 20.641103744506836,
  "retry_count": 0,
  "worker_id": 0
}