{
  "preset": "comp_krum_alpha0.5_adv0_dp0_pers0_mu0.0_seed43_datasetcic",
  "status": "completed",
  "start_time": 1763761771.277258,
  "end_time": 1763761855.6027288,
  "error": null,
  "duration_sec": 84.32523894309998,
  "retry_count": 0,
  "worker_id": 1
}