{
  "preset": "comp_krum_alpha1.0_adv0_dp0_pers0_mu0.0_seed44",
  "status": "completed",
  "start_time": 1763758219.981069,
  "end_time": 1763758304.551088,
  "error": null,
  "duration_sec": 84.56969285011292,
  "retry_count": 0,
  "worker_id": 1
}