{
  "preset": "comp_krum_alpha0.5_adv0_dp0_pers0_mu0.0_seed42_datasetcic",
  "status": "completed",
  "start_time": 1763761753.611238,
  "end_time": 1763761771.276758,
  "error": null,
  "duration_sec": 17.665196895599365,
  "retry_count": 0,
  "worker_id": 0
}