{
  "preset": "comp_bulyan_alpha1.0_adv0_dp0_pers0_seed42",
  "status": "completed",
  "start_time": 1760926974.139679,
  "end_time": 1760927077.7764878,
  "error": null,
  "duration_sec": 103.63649797439575,
  "retry_count": 0,
  "worker_id": 0
}