{
  "preset": "comp_krum_alpha0.5_adv30_dp0_pers0_mu0.0_seed45_datasetcic",
  "status": "completed",
  "start_time": 1763761935.054058,
  "end_time": 1763762034.404466,
  "error": null,
  "duration_sec": 99.3501329421997,
  "retry_count": 0,
  "worker_id": 3
}