{
  "preset": "comp_bulyan_alpha0.5_adv30_dp0_pers0_mu0.0_seed44_datasetcic",
  "status": "completed",
  "start_time": 1763762112.971288,
  "end_time": 1763762147.842906,
  "error": null,
  "duration_sec": 34.87054896354675,
  "retry_count": 0,
  "worker_id": 1
}