{
  "preset": "comp_krum_alpha1.0_adv0_dp0_pers0_mu0.0_seed43_datasetcic",
  "status": "completed",
  "start_time": 1763761366.7036748,
  "end_time": 1763761385.101323,
  "error": null,
  "duration_sec": 18.396787881851196,
  "retry_count": 0,
  "worker_id": 2
}