{
  "preset": "comp_fedavg_alpha0.5_adv0_dp1_dpnoise1.5_pers0_mu0.0_seed45_datasetcic",
  "status": "completed",
  "start_time": 1763764412.600229,
  "end_time": 1763764434.15871,
  "error": null,
  "duration_sec": 21.558159828186035,
  "retry_count": 0,
  "worker_id": 0
}