{
  "preset": "comp_fedavg_alpha0.5_adv0_dp0_pers0_seed43",
  "status": "completed",
  "start_time": 1760927119.350584,
  "end_time": 1760927171.953356,
  "error": null,
  "duration_sec": 52.602500677108765,
  "retry_count": 0,
  "worker_id": 1
}