{
  "preset": "comp_fedavg_alpha0.05_adv0_dp0_pers0_mu0.0_seed44_datasetcic",
  "status": "completed",
  "start_time": 1763761506.037885,
  "end_time": 1763761515.572414,
  "error": null,
  "duration_sec": 9.534228086471558,
  "retry_count": 0,
  "worker_id": 3
}