{
  "preset": "comp_fedavg_alpha0.5_adv0_dp1_dpnoise0.7_pers0_mu0.0_seed44",
  "status": "completed",
  "start_time": 1763763868.416074,
  "end_time": 1763764011.713259,
  "error": null,
  "duration_sec": 143.29691815376282,
  "retry_count": 0,
  "worker_id": 1
}