{
  "preset": "comp_fedavg_alpha0.5_adv0_dp1_dpnoise0.3_pers0_mu0.0_seed44",
  "status": "completed",
  "start_time": 1763763643.649579,
  "end_time": 1763763729.1492019,
  "error": null,
  "duration_sec": 85.49938297271729,
  "retry_count": 0,
  "worker_id": 3
}