{
  "preset": "comp_bulyan_alpha1.0_adv0_dp0_pers0_mu0.0_seed44_datasetcic",
  "status": "completed",
  "start_time": 1763761387.301546,
  "end_time": 1763761486.6485171,
  "error": null,
  "duration_sec": 99.34624409675598,
  "retry_count": 0,
  "worker_id": 3
}