{
  "preset": "comp_bulyan_alpha1.0_adv0_dp0_pers0_mu0.0_seed46",
  "status": "completed",
  "start_time": 1763758364.853081,
  "end_time": 1763758498.3689148,
  "error": null,
  "duration_sec": 133.5155107975006,
  "retry_count": 0,
  "worker_id": 0
}