{
  "preset": "comp_fedavg_alpha1.0_adv0_dp0_pers0_mu0.0_seed43_datasetcic",
  "status": "completed",
  "start_time": 1763761346.0534,
  "end_time": 1763761366.676339,
  "error": null,
  "duration_sec": 20.622380018234253,
  "retry_count": 0,
  "worker_id": 1
}