{
  "preset": "comp_median_alpha0.5_adv10_dp0_pers0_mu0.0_seed46_datasetcic",
  "status": "completed",
  "start_time": 1763762234.332478,
  "end_time": 1763762252.681621,
  "error": null,
  "duration_sec": 18.3488347530365,
  "retry_count": 0,
  "worker_id": 3
}