{
  "preset": "comp_fedavg_alpha0.5_adv0_dp1_dpnoise1.0_pers0_mu0.0_seed42_datasetcic",
  "status": "completed",
  "start_time": 1763764349.628266,
  "end_time": 1763764434.138698,
  "error": null,
  "duration_sec": 84.50996398925781,
  "retry_count": 0,
  "worker_id": 0
}