{
  "preset": "comp_median_alpha0.5_adv0_dp0_pers0_mu0.0_seed45",
  "status": "completed",
  "start_time": 1763760337.435814,
  "end_time": 1763760435.312025,
  "error": null,
  "duration_sec": 97.87585210800171,
  "retry_count": 0,
  "worker_id": 0
}