{
  "preset": "comp_median_alpha1.0_adv0_dp0_pers0_mu0.0_seed45",
  "status": "completed",
  "start_time": 1763758422.343987,
  "end_time": 1763758492.362448,
  "error": null,
  "duration_sec": 70.01820588111877,
  "retry_count": 0,
  "worker_id": 0
}