{
  "preset": "comp_bulyan_alpha1.0_adv0_dp0_pers0_mu0.0_seed42_datasetcic",
  "status": "completed",
  "start_time": 1763761387.299202,
  "end_time": 1763761409.812075,
  "error": null,
  "duration_sec": 22.51247477531433,
  "retry_count": 0,
  "worker_id": 1
}