{
  "preset": "comp_fedavg_alpha0.2_adv0_dp0_pers0_mu0.0_seed44_datasetcic",
  "status": "completed",
  "start_time": 1763761561.128553,
  "end_time": 1763761592.177719,
  "error": null,
  "duration_sec": 31.04870104789734,
  "retry_count": 0,
  "worker_id": 1
}