{
  "preset": "comp_fedavg_alpha0.5_adv0_dp1_dpnoise1.0_pers0_mu0.0_seed46",
  "status": "completed",
  "start_time": 1763764011.713919,
  "end_time": 1763764112.185229,
  "error": null,
  "duration_sec": 100.47105884552002,
  "retry_count": 0,
  "worker_id": 0
}