{
  "preset": "comp_median_alpha1.0_adv0_dp0_pers0_mu0.0_seed46_datasetcic",
  "status": "completed",
  "start_time": 1763761450.072196,
  "end_time": 1763761477.462475,
  "error": null,
  "duration_sec": 27.390048027038574,
  "retry_count": 0,
  "worker_id": 2
}