{
  "preset": "comp_fedavg_alpha0.5_adv30_dp0_pers0_mu0.0_seed44",
  "status": "completed",
  "start_time": 1763759327.9727108,
  "end_time": 1763759382.0273259,
  "error": null,
  "duration_sec": 54.05426907539368,
  "retry_count": 0,
  "worker_id": 0
}