{
  "preset": "comp_median_alpha0.5_adv30_dp0_pers0_seed44",
  "status": "completed",
  "start_time": 1760938888.7750971,
  "end_time": 1760938929.248317,
  "error": null,
  "duration_sec": 40.472978830337524,
  "retry_count": 0,
  "worker_id": 2
}