{
  "preset": "comp_fedavg_alpha0.5_adv10_dp0_pers0_mu0.0_seed46",
  "status": "completed",
  "start_time": 1763759256.89814,
  "end_time": 1763759315.3668091,
  "error": null,
  "duration_sec": 58.46834087371826,
  "retry_count": 0,
  "worker_id": 1
}