{
  "preset": "comp_fedavg_alpha0.5_adv10_dp0_pers0_mu0.0_seed46_datasetcic",
  "status": "completed",
  "start_time": 1763761673.777419,
  "end_time": 1763761753.610173,
  "error": null,
  "duration_sec": 79.8323745727539,
  "retry_count": 0,
  "worker_id": 2
}