{
  "preset": "comp_fedavg_alpha0.5_adv0_dp0_pers5_mu0.0_seed45_datasetcic",
  "status": "completed",
  "start_time": 1763762496.143796,
  "end_time": 1763762558.638211,
  "error": null,
  "duration_sec": 62.493911027908325,
  "retry_count": 0,
  "worker_id": 2
}