{
  "preset": "comp_fedavg_alpha0.02_adv0_dp0_pers0_mu0.0_seed42_datasetcic",
  "status": "completed",
  "start_time": 1763761453.24452,
  "end_time": 1763761489.499487,
  "error": null,
  "duration_sec": 36.254724740982056,
  "retry_count": 0,
  "worker_id": 0
}