{
  "preset": "dsedge-iiotset-nightly_comp_median_alpha1.0_adv0_dp0_pers0_mu0.0_seed45",
  "status": "completed",
  "start_time": 1763850459.7165382,
  "end_time": 1763850637.086093,
  "error": null,
  "duration_sec": 177.36905908584595,
  "retry_count": 0,
  "worker_id": 0
}