{
  "preset": "comp_fedavg_alpha0.1_adv0_dp0_pers0_mu0.0_seed46_datasetcic",
  "status": "completed",
  "start_time": 1763761537.899981,
  "end_time": 1763761561.125252,
  "error": null,
  "duration_sec": 23.224581003189087,
  "retry_count": 0,
  "worker_id": 2
}