{
  "preset": "comp_krum_alpha0.5_adv0_dp0_pers0_mu0.0_seed42",
  "status": "completed",
  "start_time": 1763759415.028898,
  "end_time": 1763759472.730185,
  "error": null,
  "duration_sec": 57.70100283622742,
  "retry_count": 0,
  "worker_id": 3
}