{
  "preset": "comp_fedavg_alpha0.5_adv0_dp1_pers0_mu0.0_seed44_datasetcic",
  "status": "completed",
  "start_time": 1763762401.010897,
  "end_time": 1763762486.468489,
  "error": null,
  "duration_sec": 85.45728397369385,
  "retry_count": 0,
  "worker_id": 3
}