{
  "preset": "comp_fedavg_alpha0.5_adv10_dp0_pers0_mu0.0_seed42_datasetcic",
  "status": "completed",
  "start_time": 1763761633.50893,
  "end_time": 1763761673.7542021,
  "error": null,
  "duration_sec": 40.243664026260376,
  "retry_count": 0,
  "worker_id": 2
}