{
  "preset": "comp_bulyan_alpha1.0_adv0_dp0_pers0_mu0.0_seed45",
  "status": "completed",
  "start_time": 1763758305.154811,
  "end_time": 1763758367.642855,
  "error": null,
  "duration_sec": 62.487324237823486,
  "retry_count": 0,
  "worker_id": 3
}