{
  "preset": "comp_median_alpha0.5_adv10_dp0_pers0_mu0.0_seed44",
  "status": "completed",
  "start_time": 1763760435.313473,
  "end_time": 1763760517.763516,
  "error": null,
  "duration_sec": 82.44967412948608,
  "retry_count": 0,
  "worker_id": 0
}