{
  "preset": "comp_krum_alpha0.5_adv30_dp0_pers0_mu0.0_seed42",
  "status": "completed",
  "start_time": 1763759707.203119,
  "end_time": 1763759780.8389308,
  "error": null,
  "duration_sec": 73.63555383682251,
  "retry_count": 0,
  "worker_id": 1
}