{
  "preset": "comp_krum_alpha0.5_adv30_dp0_pers0_mu0.0_seed43",
  "status": "completed",
  "start_time": 1763759741.447689,
  "end_time": 1763759800.339521,
  "error": null,
  "duration_sec": 58.8913300037384,
  "retry_count": 0,
  "worker_id": 2
}