{
  "preset": "comp_fedavg_alpha0.5_adv30_dp0_pers0_mu0.0_seed45_datasetcic",
  "status": "completed",
  "start_time": 1763761707.951863,
  "end_time": 1763761789.6752572,
  "error": null,
  "duration_sec": 81.72306823730469,
  "retry_count": 0,
  "worker_id": 0
}