{
  "preset": "comp_fedavg_alpha0.5_adv0_dp0_pers5_mu0.0_seed46_datasetcic",
  "status": "completed",
  "start_time": 1763762496.143861,
  "end_time": 1763762550.467177,
  "error": null,
  "duration_sec": 54.322850942611694,
  "retry_count": 0,
  "worker_id": 3
}