{
  "preset": "comp_bulyan_alpha0.5_adv10_dp0_pers0_seed42",
  "status": "completed",
  "start_time": 1760927716.501104,
  "end_time": 1760927750.8601768,
  "error": null,
  "duration_sec": 34.35873627662659,
  "retry_count": 0,
  "worker_id": 0
}