{
  "preset": "comp_median_alpha0.5_adv10_dp0_pers0_mu0.0_seed42",
  "status": "completed",
  "start_time": 1763760380.248829,
  "end_time": 1763760452.085751,
  "error": null,
  "duration_sec": 71.83617305755615,
  "retry_count": 0,
  "worker_id": 2
}