{
  "preset": "comp_fedavg_alpha0.05_adv0_dp0_pers0_mu0.0_seed45_datasetcic",
  "status": "completed",
  "start_time": 1763761515.57301,
  "end_time": 1763761526.771004,
  "error": null,
  "duration_sec": 11.197724103927612,
  "retry_count": 0,
  "worker_id": 0
}