{
  "preset": "comp_fedavg_alpha0.5_adv0_dp0_pers0_mu0.0_seed46_datasetcic",
  "status": "completed",
  "start_time": 1763761595.470529,
  "end_time": 1763761624.287678,
  "error": null,
  "duration_sec": 28.816799879074097,
  "retry_count": 0,
  "worker_id": 0
}