{
  "preset": "comp_fedavg_alpha0.5_adv0_dp1_dpnoise0.7_pers0_mu0.0_seed46_datasetcic",
  "status": "completed",
  "start_time": 1763764345.194792,
  "end_time": 1763764370.408392,
  "error": null,
  "duration_sec": 25.213347911834717,
  "retry_count": 0,
  "worker_id": 3
}