{
  "preset": "comp_fedavg_alpha0.5_adv10_dp0_pers0_seed42",
  "status": "completed",
  "start_time": 1760927265.20222,
  "end_time": 1760927309.055818,
  "error": null,
  "duration_sec": 43.85316514968872,
  "retry_count": 0,
  "worker_id": 0
}