{
  "preset": "comp_bulyan_alpha0.5_adv10_dp0_pers0_mu0.0_seed42",
  "status": "completed",
  "start_time": 1763759980.970227,
  "end_time": 1763760134.4178948,
  "error": null,
  "duration_sec": 153.44718527793884,
  "retry_count": 0,
  "worker_id": 3
}