{
  "0.5": {
    "runs": 20,
    "global_mean": 0.6516367709290141,
    "global_std": 0.023002025078991396,
    "personal_mean": 0.7050525591528393,
    "personal_std": 0.030920873852543378,
    "gain_mean": 0.05341578822382524,
    "gain_std": 0.028090334964717356,
    "pers_epochs_unique": [
      3,
      5
    ]
  },
  "1.0": {
    "runs": 10,
    "global_mean": 0.6703222604179226,
    "global_std": 0.03602567339177778,
    "personal_mean": 0.6876833483224947,
    "personal_std": 0.019750528459501596,
    "gain_mean": 0.01736108790457211,
    "gain_std": 0.04379785701029478,
    "pers_epochs_unique": [
      1,
      3
    ]
  }
}