{
  "preset": "comp_bulyan_alpha1.0_adv0_dp0_pers0_seed43",
  "status": "completed",
  "start_time": 1760926974.372173,
  "end_time": 1760927009.658311,
  "error": null,
  "duration_sec": 35.28587889671326,
  "retry_count": 0,
  "worker_id": 1
}