{
  "preset": "comp_fedavg_alpha0.1_adv0_dp0_pers0_mu0.0_seed43",
  "status": "completed",
  "start_time": 1763758639.36149,
  "end_time": 1763758725.504936,
  "error": null,
  "duration_sec": 86.14322400093079,
  "retry_count": 0,
  "worker_id": 1
}