epsilon,macro_f1_mean,ci_lower,ci_upper,n,dp_noise_multiplier,is_baseline
180.4799780439935,0.5502099414975229,0.5502099414975229,0.5502099414975229,1,0.3,0
1211.7782575788603,0.7205262352074051,0.33813881037860816,1.1029136600362022,2,0.1,0
,0.7605755218358551,0.7139595330196594,0.8071915106520507,5,,1
