{
  "preset": "comp_median_alpha1.0_adv0_dp0_pers0_mu0.0_seed44_datasetcic",
  "status": "completed",
  "start_time": 1763761436.113,
  "end_time": 1763761450.0714529,
  "error": null,
  "duration_sec": 13.95812702178955,
  "retry_count": 0,
  "worker_id": 0
}