{
  "preset": "comp_fedavg_alpha0.1_adv0_dp0_pers0_mu0.0_seed42_datasetcic",
  "status": "completed",
  "start_time": 1763761524.644667,
  "end_time": 1763761564.2963572,
  "error": null,
  "duration_sec": 39.65106201171875,
  "retry_count": 0,
  "worker_id": 1
}