{
  "preset": "comp_bulyan_alpha1.0_adv0_dp0_pers0_mu0.0_seed44",
  "status": "completed",
  "start_time": 1763758304.558371,
  "end_time": 1763758425.60752,
  "error": null,
  "duration_sec": 121.04888892173767,
  "retry_count": 0,
  "worker_id": 2
}