{
  "preset": "comp_fedavg_alpha0.5_adv0_dp1_pers0_mu0.0_seed46_datasetcic",
  "status": "completed",
  "start_time": 1763762401.0106392,
  "end_time": 1763762425.892961,
  "error": null,
  "duration_sec": 24.881829738616943,
  "retry_count": 0,
  "worker_id": 2
}