{
  "preset": "comp_fedavg_alpha0.5_adv10_dp0_pers0_mu0.0_seed42",
  "status": "completed",
  "start_time": 1763759173.080519,
  "end_time": 1763759240.226878,
  "error": null,
  "duration_sec": 67.14599680900574,
  "retry_count": 0,
  "worker_id": 1
}