{
  "preset": "comp_median_alpha0.5_adv10_dp0_pers0_mu0.0_seed43",
  "status": "completed",
  "start_time": 1763760408.961486,
  "end_time": 1763760476.888729,
  "error": null,
  "duration_sec": 67.92680287361145,
  "retry_count": 0,
  "worker_id": 3
}