{
  "preset": "comp_fedavg_alpha1.0_adv0_dp0_pers0_mu0.0_seed44",
  "status": "completed",
  "start_time": 1763758127.6308322,
  "end_time": 1763758165.804718,
  "error": null,
  "duration_sec": 38.173619985580444,
  "retry_count": 0,
  "worker_id": 0
}