{
  "preset": "comp_fedavg_alpha0.02_adv0_dp0_pers0_mu0.0_seed44",
  "status": "completed",
  "start_time": 1763758495.2461061,
  "end_time": 1763758634.1894798,
  "error": null,
  "duration_sec": 138.94306206703186,
  "retry_count": 0,
  "worker_id": 0
}