{
  "preset": "comp_fedavg_alpha0.5_adv0_dp0_pers0_mu0.0_seed43",
  "status": "completed",
  "start_time": 1763758924.7708,
  "end_time": 1763758975.246285,
  "error": null,
  "duration_sec": 50.475152015686035,
  "retry_count": 0,
  "worker_id": 3
}