{
  "preset": "comp_median_alpha0.5_adv10_dp0_pers0_mu0.0_seed45_datasetcic",
  "status": "completed",
  "start_time": 1763762222.505426,
  "end_time": 1763762240.3643851,
  "error": null,
  "duration_sec": 17.858667135238647,
  "retry_count": 0,
  "worker_id": 0
}