{
  "preset": "comp_krum_alpha0.5_adv30_dp0_pers0_mu0.0_seed44_datasetcic",
  "status": "completed",
  "start_time": 1763761915.020807,
  "end_time": 1763761941.412684,
  "error": null,
  "duration_sec": 26.39130401611328,
  "retry_count": 0,
  "worker_id": 0
}