{
  "preset": "comp_median_alpha0.5_adv30_dp0_pers0_mu0.0_seed44_datasetcic",
  "status": "completed",
  "start_time": 1763762260.144649,
  "end_time": 1763762280.618166,
  "error": null,
  "duration_sec": 20.473188877105713,
  "retry_count": 0,
  "worker_id": 0
}