{
  "preset": "comp_fedavg_alpha0.1_adv0_dp0_pers0_mu0.0_seed46",
  "status": "completed",
  "start_time": 1763758725.505806,
  "end_time": 1763758806.387367,
  "error": null,
  "duration_sec": 80.88121914863586,
  "retry_count": 0,
  "worker_id": 0
}