{
  "preset": "comp_fedavg_alpha0.5_adv10_dp0_pers0_mu0.0_seed43",
  "status": "completed",
  "start_time": 1763759194.294692,
  "end_time": 1763759256.8969321,
  "error": null,
  "duration_sec": 62.601970911026,
  "retry_count": 0,
  "worker_id": 2
}