{
  "preset": "comp_fedavg_alpha0.2_adv0_dp0_pers0_mu0.0_seed46",
  "status": "completed",
  "start_time": 1763758861.622633,
  "end_time": 1763759021.593478,
  "error": null,
  "duration_sec": 159.9705319404602,
  "retry_count": 0,
  "worker_id": 1
}