{
  "preset": "comp_fedavg_alpha0.5_adv0_dp1_dpnoise0.3_pers0_mu0.0_seed45_datasetcic",
  "status": "completed",
  "start_time": 1763764263.7681751,
  "end_time": 1763764294.0285718,
  "error": null,
  "duration_sec": 30.259968042373657,
  "retry_count": 0,
  "worker_id": 0
}