{
  "preset": "comp_bulyan_alpha0.5_adv10_dp0_pers0_mu0.0_seed46",
  "status": "completed",
  "start_time": 1763760067.029345,
  "end_time": 1763760162.233732,
  "error": null,
  "duration_sec": 95.20397520065308,
  "retry_count": 0,
  "worker_id": 3
}