{
  "preset": "comp_fedavg_alpha0.5_adv0_dp0_pers0_mu0.0_seed45",
  "status": "completed",
  "start_time": 1763758975.2469,
  "end_time": 1763759045.963291,
  "error": null,
  "duration_sec": 70.71611404418945,
  "retry_count": 0,
  "worker_id": 1
}