{
  "baseline_mean": 0.656347411095189,
  "baseline_std": 0.009185652691583394,
  "dp": {
    "0.3": {
      "mean": 0.6057553389990108,
      "std": 0.01636490796632927,
      "n": 10
    }
  }
}