{
  "preset": "comp_median_alpha0.5_adv30_dp0_pers0_mu0.0_seed43",
  "status": "completed",
  "start_time": 1763760517.764728,
  "end_time": 1763760574.792779,
  "error": null,
  "duration_sec": 57.027684926986694,
  "retry_count": 0,
  "worker_id": 0
}