{
  "preset": "comp_krum_alpha1.0_adv0_dp0_pers0_mu0.0_seed45",
  "status": "completed",
  "start_time": 1763758219.98156,
  "end_time": 1763758304.557119,
  "error": null,
  "duration_sec": 84.57531905174255,
  "retry_count": 0,
  "worker_id": 2
}