{
  "preset": "comp_krum_alpha0.5_adv10_dp0_pers0_mu0.0_seed45",
  "status": "completed",
  "start_time": 1763759629.1541069,
  "end_time": 1763759707.2021272,
  "error": null,
  "duration_sec": 78.04767203330994,
  "retry_count": 0,
  "worker_id": 3
}