{
  "preset": "comp_fedavg_alpha0.2_adv0_dp0_pers0_mu0.0_seed46_datasetcic",
  "status": "completed",
  "start_time": 1763761573.1704571,
  "end_time": 1763761595.462761,
  "error": null,
  "duration_sec": 22.291963815689087,
  "retry_count": 0,
  "worker_id": 3
}