{
  "preset": "comp_fedavg_alpha0.05_adv0_dp0_pers0_mu0.0_seed43",
  "status": "completed",
  "start_time": 1763758555.718403,
  "end_time": 1763758627.258949,
  "error": null,
  "duration_sec": 71.54030013084412,
  "retry_count": 0,
  "worker_id": 0
}