{
  "preset": "comp_fedavg_alpha0.5_adv10_dp0_pers0_mu0.0_seed43_datasetcic",
  "status": "completed",
  "start_time": 1763761643.620343,
  "end_time": 1763761680.573344,
  "error": null,
  "duration_sec": 36.95248007774353,
  "retry_count": 0,
  "worker_id": 1
}