{
  "preset": "comp_krum_alpha0.5_adv10_dp0_pers0_mu0.0_seed42",
  "status": "completed",
  "start_time": 1763759564.763508,
  "end_time": 1763759684.324362,
  "error": null,
  "duration_sec": 119.5604498386383,
  "retry_count": 0,
  "worker_id": 0
}