{
  "preset": "comp_median_alpha0.5_adv10_dp0_pers0_mu0.0_seed43_datasetcic",
  "status": "completed",
  "start_time": 1763762204.608725,
  "end_time": 1763762222.5045419,
  "error": null,
  "duration_sec": 17.895524978637695,
  "retry_count": 0,
  "worker_id": 2
}