{
  "preset": "comp_fedavg_alpha0.5_adv0_dp1_dpnoise0.1_pers0_mu0.0_seed45",
  "status": "completed",
  "start_time": 1763763514.758028,
  "end_time": 1763763602.105273,
  "error": null,
  "duration_sec": 87.34697890281677,
  "retry_count": 0,
  "worker_id": 3
}