{
  "preset": "comp_bulyan_alpha0.5_adv10_dp0_pers0_mu0.0_seed43",
  "status": "completed",
  "start_time": 1763759994.876745,
  "end_time": 1763760067.02779,
  "error": null,
  "duration_sec": 72.15051198005676,
  "retry_count": 0,
  "worker_id": 0
}