{
  "preset": "comp_fedavg_alpha0.2_adv0_dp0_pers0_mu0.0_seed43_datasetcic",
  "status": "completed",
  "start_time": 1763761552.16314,
  "end_time": 1763761584.1416168,
  "error": null,
  "duration_sec": 31.977962970733643,
  "retry_count": 0,
  "worker_id": 3
}