{
  "preset": "comp_krum_alpha0.5_adv30_dp0_pers0_seed42",
  "status": "completed",
  "start_time": 1760927561.043854,
  "end_time": 1760927667.3908448,
  "error": null,
  "duration_sec": 106.34669089317322,
  "retry_count": 0,
  "worker_id": 0
}